Name,Address,Category,Note,Emoji,City,Color,MapsURL
The Pizza Bar On 38th,"2-1-1 Nihonbashi-Muromachi, Chuo, Tokyo (Mandarin Oriental, 38F)",Dining,"Mitsukoshimae Stn (1 min). Eight-seat counter, reservations open 1 month ahead — book the second the slot opens.",🍜,Tokyo,#E63946,https://www.google.com/maps/place/The+Pizza+Bar+On+38th/data=!4m2!3m1!1s0x6018895562e77a3b:0xe3c077a9dbbe0dcd
ぎょうざのみっちー 中央駅店,"1-1 Chuocho, Kagoshima 890-0053",Dining,"Kagoshima-Chuo Stn (2 min). Order the iron-plate gyoza set; cash only, opens 17:00.",🍜,Kagoshima,#E63946,https://www.google.com/maps/place/%E3%81%8E%E3%82%87%E3%81%86%E3%81%96%E3%81%AE%E3%81%BF%E3%81%A3%E3%81%A1%E3%83%BC+%E4%B8%AD%E5%A4%AE%E9%A7%85%E5%BA%97/data=!4m2!3m1!1s0x353e6722438bc273:0x618f8382f38ed11a
Kagoshima Furusato Yataimura Area Li-Ka,"6-4 Chuocho, Kagoshima (Li-Ka 1920 B1)",Dining,Kagoshima-Chuo Stn (3 min). 25 yatai under one roof — perfect for the group; arrive by 18:00 to claim seats.,🍜,Kagoshima,#E63946,https://www.google.com/maps/place/Kagoshima+Furusato+Yataimura+Area+Li-Ka/data=!4m2!3m1!1s0x353e67c0cdd63f6b:0xf9dfccce3c3fdd9e
Kagoshima Furusato Yataimura BUSCHIKA,"6-4 Chuocho, Kagoshima (Li-Ka 1920 B1)",Dining,Kagoshima-Chuo Stn (3 min). Kurobuta shabu stall — Brady safe (no egg); ask for soy-based dashi for Cody/JJ.,🍜,Kagoshima,#E63946,https://www.google.com/maps/place/Kagoshima+Furusato+Yataimura+BUSCHIKA/data=!4m2!3m1!1s0x353e674c62a6f6fb:0x997410bbd0bf128e
Otachidokoro Sushi Ki,"5-9-19 Ginza, Chuo, Tokyo",Dining,Ginza Stn (3 min). Standing-only Edomae omakase ~¥3000; line forms 15 min before open.,🍜,Tokyo,#E63946,https://www.google.com/maps/place/Otachidokoro+Sushi+Ki/data=!4m2!3m1!1s0x60010918b92ec009:0x1445c198430d82b8
Gyukatsu Motomura,"3-18-10 Shinbashi, Minato, Tokyo (basement)",Dining,Shinbashi Stn (4 min). Original branch — sear the wagyu cutlet 10 sec/side on the lava stone; expect 30-min queue.,🍜,Tokyo,#E63946,https://www.google.com/maps/place/Gyukatsu+Motomura/data=!4m2!3m1!1s0x6001090007cf1b6f:0x1aa3b00a872e2ad3
Kyoto Tonkatsu Katsuda Shijokarasuma,"21 Shijoagaru Naginatabokocho, Shimogyo-ku, Kyoto",Dining,Karasuma Stn (1 min). Lunch sets ¥1500 with miso/red-miso choice; line by 11:30.,🍜,Kyoto,#E63946,https://www.google.com/maps/place/Kyoto+Tonkatsu+Katsuda+Shijokarasuma/data=!4m2!3m1!1s0x600109e588185ff9:0xaf237f6e37cb19c0
Gion Duck Noodles Arashiyama,"20-1 Sagatenryuji Tsukurimichicho, Ukyo-ku, Kyoto",Dining,Saga-Arashiyama Stn (5 min). Duck shoyu ramen — heads-up Cody/JJ: broth is poultry-based (no fish dashi).,🍜,Kyoto,#E63946,https://www.google.com/maps/place/Gion+Duck+Noodles+Arashiyama/data=!4m2!3m1!1s0x6001a93798a692c7:0xc241920f2e64040e
Steak Otsuka,"46-1 Sagatenryuji Susukinobabacho, Ukyo-ku, Kyoto",Dining,"Saga-Arashiyama Stn (4 min). Wagyu lunch set ¥3800; reserve same-morning by phone, no walk-ins after 11:30.",🍜,Kyoto,#E63946,https://www.google.com/maps/place/Steak+Otsuka/data=!4m2!3m1!1s0x6001a9f8c9eb5b79:0x9c02c21d67c6fb99
Kijurou,"47 Sagatenryuji Tsukurimichicho, Ukyo-ku, Kyoto",Dining,Saga-Arashiyama Stn (3 min). Hidden tempura counter on bamboo path; the anago course is the play.,🍜,Kyoto,#E63946,https://www.google.com/maps/place/Kijurou/data=!4m2!3m1!1s0x6001a9d80cae2f3b:0xcaff64680556a1aa
Arashiyama Itsukichaya,"Sagaogurayama Tabuchiyama-cho, Ukyo-ku, Kyoto",Dining,Saga-Arashiyama Stn (10 min). BOOKED May 26 13:45 post-Hozugawa boat — kaiseki w/ river views.,🍜,Kyoto,#E63946,https://www.google.com/maps/place/Arashiyama+Itsukichaya/data=!4m2!3m1!1s0x60010712b368466b:0x1d95f39ac2644e8d
Yudofu Sagano,"45 Sagatenryuji Susukinobabacho, Ukyo-ku, Kyoto",Dining,Saga-Arashiyama Stn (5 min). Tofu kaiseki in a temple garden — 100% Brady & Cody/JJ safe (kombu dashi).,🍜,Kyoto,#E63946,https://www.google.com/maps/place/Yudofu+Sagano/data=!4m2!3m1!1s0x6001aa004f350df9:0x32503d2276812d7c
PIZZERIA MAMA,"11-1 Tawarahoncho, Atami, Shizuoka",Dining,Atami Stn (3 min). Family-run wood-fired Napoletana — a sane antidote between ryokan kaiseki nights.,🍜,Atami,#E63946,https://www.google.com/maps/place/PIZZERIA+MAMA/data=!4m2!3m1!1s0x600107f36515e387:0x65e58aec2e4d8c97
MOA Museum of Art,"26-2 Momoyamacho, Atami, Shizuoka",Sightseeing,Atami Stn + bus 8 min. Hilltop museum w/ moving escalator tunnel; National Treasures wing free w/ ticket.,🏯,Atami,#1D4ED8,https://www.google.com/maps/place/MOA+Museum+of+Art/data=!4m2!3m1!1s0x6019be7c174af88d:0x40dcc7041d54c2e1
Kiunkaku,"4-2 Showacho, Atami, Shizuoka",Sightseeing,"Atami Stn (15 min walk). 1919 villa-turned-ryokan museum; ¥610 — go early AM, near-empty.",🏯,Atami,#1D4ED8,https://www.google.com/maps/place/Kiunkaku/data=!4m2!3m1!1s0x6019be6803275d81:0xe0eef8507f743b0e
Atami Castle,"1993 Sokoyama, Atami, Shizuoka",Sightseeing,"Atami Stn + ropeway. Skip the museum, ride the rooftop deck for the bay panorama.",🏯,Atami,#1D4ED8,https://www.google.com/maps/place/Atami+Castle/data=!4m2!3m1!1s0x6019be577c8d1903:0x1b8dad7aafa20ff
Kawana Dolphin Beach,"1064 Kawana, Ito, Shizuoka",Sightseeing,Kawana Stn (15 min walk). Quiet cove for tide-pool browsing; weekday mornings only.,🏯,Izu,#1D4ED8,https://www.google.com/maps/place/Kawana+Dolphin+Beach/data=!4m2!3m1!1s0x6019c47d52ebb793:0xd9df11608f38382f
Mt. Omuro Summit,"1317-5 Futo, Ito, Shizuoka",Sightseeing,Izu-Kogen Stn + bus 15 min. Take the chairlift — the crater rim walk is the photo op.,🏯,Izu,#1D4ED8,https://www.google.com/maps/place/Mt.+Omuro+Summit/data=!4m2!3m1!1s0x6019c3671cc9a10d:0xe1632b89da8b59b3
Okuno Dam,"Ikeshiroyama, Ito, Shizuoka",Sightseeing,Izu-Kogen Stn + 25 min by car. Lakeside cherry walk; SUP rentals on weekends.,🏯,Izu,#1D4ED8,https://www.google.com/maps/place/Okuno+Dam/data=!4m2!3m1!1s0x6019c3eaf44a7df1:0x5804e9e37c805014
Tatadohama beach,"Tatado, Shimoda, Shizuoka",Sightseeing,Izukyu-Shimoda Stn + bus 15 min. Best surf beach in southern Izu — sunset session > swim.,🏯,Izu,#1D4ED8,https://www.google.com/maps/place/Tatadohama+beach/data=!4m2!3m1!1s0x601758efafafcd6b:0xbc85bca66662aa5f
Perry Road,"3 Chome Shimoda, Shizuoka",Sightseeing,Izukyu-Shimoda Stn (10 min). Willow-lined canal walk through Edo merchant houses; pop into Babanote café.,🏯,Izu,#1D4ED8,https://www.google.com/maps/place/Perry+Road/data=!4m2!3m1!1s0x601759a1ad8fb785:0xc2897e2eee52385b
Shimoda Ropeway Summit Station (Nesugatayama Station),"1-3-2 Higashihongo, Shimoda, Shizuoka",Transit,Izukyu-Shimoda Stn (1 min). 4-min ropeway to bay viewpoint; first car at 8:45.,🚉,Izu,#6B7280,https://www.google.com/maps/place/Shimoda+Ropeway+Summit+Station+(Nesugatayama+Station)/data=!4m2!3m1!1s0x601758b712e95555:0xef57ed6f66a38fe7
Cape Tsumekizaki Lighthouse.,"Suzaki, Shimoda, Shizuoka",Sightseeing,Izukyu-Shimoda Stn + bus 30 min. Dramatic basalt cliffs; bring wind layer.,🏯,Izu,#1D4ED8,https://www.google.com/maps/place/Cape+Tsumekizaki+Lighthouse./data=!4m2!3m1!1s0x60175eeea281bd11:0x701ac0c509003d27
Shirahama Central Beach,"Shirahama, Shimoda, Shizuoka",Sightseeing,Izukyu-Shimoda Stn + bus 10 min. White-sand swim beach; arrive before 10am for parking.,🏯,Izu,#1D4ED8,https://www.google.com/maps/place/Shirahama+Central+Beach/data=!4m2!3m1!1s0x60175f5951ea7339:0xc7083d59a055824e
Sotoura Beach,"2-23 Sotoura, Shimoda, Shizuoka",Sightseeing,Izukyu-Shimoda Stn + bus 7 min. Calm horseshoe bay — best swimming with the group.,🏯,Izu,#1D4ED8,https://www.google.com/maps/place/Sotoura+Beach/data=!4m2!3m1!1s0x60175f2532a64a6f:0x7cbb9cd8b2cd07ec
Izu Oceanic Park,"865-1 Futo, Ito, Shizuoka",Sightseeing,Futo Stn + bus 20 min. Dive site + cliff garden; Saboten cafe inside has ocean view.,🏯,Izu,#1D4ED8,https://www.google.com/maps/place/Izu+Oceanic+Park/data=!4m2!3m1!1s0x6019db709d859f7d:0x9f72fa0a8b1a464d
Tajima Falls,"Yugashima, Izu, Shizuoka",Sightseeing,Shuzenji Stn + bus 30 min. Triple-tier waterfall hike; 20-min boardwalk loop.,🏯,Izu,#1D4ED8,https://www.google.com/maps/place/Tajima+Falls/data=!4m2!3m1!1s0x6019ddeaea7397c1:0x4c8a8b5a82235b1b
Kadowakisaki Lighthouse,"Kadowaki, Ito, Shizuoka",Sightseeing,Izu-Kogen Stn + bus. Suspension bridge over basalt cliffs — go at golden hour.,🏯,Izu,#1D4ED8,https://www.google.com/maps/place/Kadowakisaki+Lighthouse/data=!4m2!3m1!1s0x6019db51eb9a2d6b:0x991e5b119d6d525d
Jogasaki Coast,"Yawatano, Ito, Shizuoka",Sightseeing,Jogasaki-Kaigan Stn (25 min walk). 9km cliff trail; Hashidate suspension bridge mile is the highlight.,🏯,Izu,#1D4ED8,https://www.google.com/maps/place/Jogasaki+Coast/data=!4m2!3m1!1s0x6019db691c5b3e3f:0xc25bdc9a934e34cc
Hotel Grand Bach Atami crescendo,"16-3 Higashikaigancho, Atami, Shizuoka",Hotel,Atami Stn (8 min). Booked. Check rooftop onsen 6-7am for Sagami Bay sunrise.,🏨,Atami,#7C3AED,https://www.google.com/maps/place/Hotel+Grand+Bach+Atami+crescendo/data=!4m2!3m1!1s0x6019bdd89411d749:0x55c991e151279e7c
Curry Station Niagara,"3-22-13 Hiroo, Shibuya, Tokyo",Dining,Hiroo Stn (5 min). Train-themed curry shop — plates arrive by mini locomotive; cash only.,🍜,Tokyo,#E63946,https://www.google.com/maps/place/Curry+Station+Niagara/data=!4m2!3m1!1s0x60188b4af5ce3a0f:0x8cac56d67d098d89
PokéPark Kanto,"Yomiuri Land, 4015-1 Yanokuchi, Inagi, Tokyo",Sightseeing,Yomiuriland-mae Stn. Opens spring 2026 — book timed-entry the moment it goes live.,🏯,Tokyo,#1D4ED8,https://www.google.com/maps/place/Pok%C3%A9Park+Kanto/data=!4m2!3m1!1s0x6018fb2f0e9098ab:0x3ac8b697f2a3589c
Takayamashichiten Hanbaikasugaten,"1F, 16 Kasuganocho, Nara",Dining,Kintetsu-Nara Stn + bus 10 min. Casual lunch stop near Kasuga Shrine; soba sets ¥1100.,🍜,Nara,#E63946,https://www.google.com/maps/place/Takayamashichiten+Hanbaikasugaten/data=!4m2!3m1!1s0x354191104673218d:0xf47fec42e68f28b1
Men-ya Inoichi Hanare,"1F Karasuma Bldg, 511 Tearaimizucho, Shimogyo, Kyoto",Dining,"Shijo Stn (3 min). Michelin Bib ramen — golden chicken broth (Cody/JJ safe, ask no fish topping).",🍜,Kyoto,#E63946,https://www.google.com/maps/place/Men-ya+Inoichi+Hanare/data=!4m2!3m1!1s0x60010897d87c1661:0x812e4a3fcbb81f03
TAKEO KIKUCHI,"Shibuya Parco 4F, 15-1 Udagawacho, Shibuya, Tokyo",Shopping,Shibuya Stn (5 min). Japanese tailoring — main flagship inside Parco.,🛍️,Tokyo,#16A34A,https://www.google.com/maps/place/TAKEO+KIKUCHI/data=!4m2!3m1!1s0x60188ca86b0df3db:0x885f994435138e02
TAKEO KIKUCHI,"Shibuya Parco 4F, 15-1 Udagawacho, Shibuya, Tokyo",Shopping,Shibuya Stn (5 min). Japanese tailoring — main flagship inside Parco.,🛍️,Tokyo,#16A34A,https://www.google.com/maps/place/TAKEO+KIKUCHI/data=!4m2!3m1!1s0x60188ea001096719:0xd48bf123218db1f8
Kapital,"2-20-2 Higashi, Shibuya, Tokyo",Shopping,"Ebisu Stn (10 min). Three Ebisu storefronts within a block — start at 'Legs', end at 'Country'.",🛍️,Tokyo,#16A34A,https://www.google.com/maps/place/Kapital/data=!4m2!3m1!1s0x60188b3fbc5e7fdd:0x30a327453527f19e
mont-bell Shibuya,"11-3 Udagawacho, Shibuya, Tokyo",Shopping,Shibuya Stn (5 min). Cheaper than US prices; tax-free desk on 1F (passport needed).,🛍️,Tokyo,#16A34A,https://www.google.com/maps/place/mont-bell+Shibuya/data=!4m2!3m1!1s0x60188ca93864d0d7:0xa311ee2a69accd57
mont-bell Okachimachi Store,"5-10-5 Ueno, Taito, Tokyo",Shopping,Okachimachi Stn (3 min). Largest Tokyo branch — full UL Pack lineup in stock.,🛍️,Tokyo,#16A34A,https://www.google.com/maps/place/mont-bell+Okachimachi+Store/data=!4m2!3m1!1s0x60188ea01376dc31:0xef53753108c20a2c
mont-bell Tokyo Kyobashi,"3-1-1 Kyobashi, Chuo, Tokyo",Shopping,Kyobashi Stn (1 min). Quietest of the three; great for trying-on without crowds.,🛍️,Tokyo,#16A34A,https://www.google.com/maps/place/mont-bell+Tokyo+Kyobashi/data=!4m2!3m1!1s0x60188be372353d69:0xfb583fcec3cd7b9a
MOMOTARO JEANS Aoyama,"5-8-5 Minami-Aoyama, Minato, Tokyo",Shopping,Omotesando Stn (5 min). Selvedge denim from Kojima — they hem on-site in 30 min.,🛍️,Tokyo,#16A34A,https://www.google.com/maps/place/MOMOTARO+JEANS+Aoyama/data=!4m2!3m1!1s0x60188b5ff62dc42d:0xe65fa7032da1d5d1
KANEKO GANKYO-TEN Tokyo Solamachi,"Tokyo Solamachi 4F, 1-1-2 Oshiage, Sumida, Tokyo",Shopping,"Oshiage Stn (1 min). Handmade frames; lenses cut in 2hr — drop off, then climb Skytree.",🛍️,Tokyo,#16A34A,https://www.google.com/maps/place/KANEKO+GANKYO-TEN+Tokyo+Solamachi/data=!4m2!3m1!1s0x60188fb51d77659b:0xadaae86f581067a3
OWNDAYS 上野マルイ店,"Marui Ueno 5F, 6-15-1 Ueno, Taito, Tokyo",Shopping,Ueno Stn (1 min). Same-day prescription glasses ~¥8000 incl. lenses.,🛍️,Tokyo,#16A34A,https://www.google.com/maps/place/OWNDAYS+%E4%B8%8A%E9%87%8E%E3%83%9E%E3%83%AB%E3%82%A4%E5%BA%97/data=!4m2!3m1!1s0x60188e9ef0e55559:0xdd667e2ecdb70b4c
HANDS Ginza,"Marronnier Gate Ginza 2, 3-2-1 Ginza, Chuo, Tokyo",Shopping,Ginza-itchome Stn (1 min). Best souvenir floor — kitchen + stationery levels are mandatory.,🛍️,Tokyo,#16A34A,https://www.google.com/maps/place/HANDS+Ginza/data=!4m2!3m1!1s0x60188be4ff39a9c9:0x2071625429c1ecbd
Sekaido Shinjuku,"3-1-1 Shinjuku, Shinjuku, Tokyo",Shopping,Shinjuku-sanchome Stn (3 min). 5 floors of art supplies — the basement washi paper is the move.,🛍️,Tokyo,#16A34A,https://www.google.com/maps/place/Sekaido+Shinjuku/data=!4m2!3m1!1s0x60188cdb568a6c15:0x4c84ac4975ce203
つば屋庖丁店 | CUTLERY TSUBAYA,"3-7-2 Nishi-Asakusa, Taito, Tokyo",Shopping,Tawaramachi Stn (5 min). Kappabashi knife shop — they engrave your name in kanji free.,🛍️,Tokyo,#16A34A,https://www.google.com/maps/place/%E3%81%A4%E3%81%B0%E5%B1%8B%E5%BA%96%E4%B8%81%E5%BA%97+%7C+CUTLERY+TSUBAYA/data=!4m2!3m1!1s0x60188e95ed06f00f:0xf24252ba57136ee
music bar Beatle momo,"326-1 Oyamamotomachi, Higashiyama, Kyoto",Nightlife,Sanjo Stn (5 min). Beatles vinyl bar; ¥1500 cover + 1 drink; closes 1am.,🌃,Kyoto,#DB2777,https://www.google.com/maps/place/music+bar+Beatle+momo/data=!4m2!3m1!1s0x6001089529fa0783:0xb23b36db1daf21ed
Coffee PUNKTO,"3-1-12 Shibuya, Shibuya, Tokyo",Cafe,Shibuya Stn (8 min). Single-origin pour-over hidden in a Cat St alley; closes 5pm.,☕,Tokyo,#B5651D,https://www.google.com/maps/place/Coffee+PUNKTO/data=!4m2!3m1!1s0x60188cd1e83302cb:0xe03eb5e58e43a952
Owl Village Cafe Harajuku,"4-28-22 Jingumae, Shibuya, Tokyo",Cafe,Meiji-jingumae Stn (3 min). Reserve online; 1hr slot ¥2200 incl. drink — animal welfare ok-ish.,☕,Tokyo,#B5651D,https://www.google.com/maps/place/Owl+Village+Cafe+Harajuku/data=!4m2!3m1!1s0x60188cba57e6d69d:0x850545d8d4d99d5c
Shisha Cafe tone.,"1-23-12 Higashi-Ueno, Taito, Tokyo",Cafe,Ueno Stn (5 min). Late-night hookah lounge; 2hr ¥3500.,☕,Tokyo,#B5651D,https://www.google.com/maps/place/Shisha+Cafe+tone./data=!4m2!3m1!1s0x60188df78917a527:0xf94bbfa8b5b5821e
Chiku Chiku Cafe,"B1, 3-30-7 Jingumae, Shibuya, Tokyo",Cafe,"Omotesando Stn (3 min). Sewing-cafe concept — cute Brady-friendly desserts (egg-free options exist, ask).",☕,Tokyo,#B5651D,https://www.google.com/maps/place/Chiku+Chiku+Cafe/data=!4m2!3m1!1s0x60188b5861a076bf:0xe557882c96cad475
DyCE Global Board Game Cafe,"B1, 1-19-2 Kabukicho, Shinjuku, Tokyo",Cafe,Shinjuku Stn (8 min). 1000+ games incl. English titles; ¥600/hr.,☕,Tokyo,#B5651D,https://www.google.com/maps/place/DyCE+Global+Board+Game+Cafe/data=!4m2!3m1!1s0x60188d62349a4c67:0xfb304e4c7aeafc60
Cafe Legato,"5F, 1-22-6 Jinnan, Shibuya, Tokyo",Cafe,Shibuya Stn (5 min). Hidden 5F resto-cafe w/ city view; killer parfaits.,☕,Tokyo,#B5651D,https://www.google.com/maps/place/Cafe+Legato/data=!4m2!3m1!1s0x60188b55f7afffff:0x47cf9a4abb76fbb5
GOOD COFFEE FARMS Cafe & Bar,"2-7-9 Ebisu, Shibuya, Tokyo",Cafe,Ebisu Stn (3 min). Guatemala farm-direct; the cascara soda is the surprise win.,☕,Tokyo,#B5651D,https://www.google.com/maps/place/GOOD+COFFEE+FARMS+Cafe+%26+Bar/data=!4m2!3m1!1s0x60188b0804660319:0xcd977316ef068c69
NORTHERNWOOD GINZA,"5-9-1 Ginza, Chuo, Tokyo",Cafe,Ginza Stn (3 min). Cozy Ginza pause — smoked-cheese sando + coffee.,☕,Tokyo,#B5651D,https://www.google.com/maps/place/NORTHERNWOOD+GINZA/data=!4m2!3m1!1s0x60188bdb7a57814f:0x10659cc088290341
Cafe＆Bar Living Room 浅草,"2-6-1 Asakusa, Taito, Tokyo",Cafe,Asakusa Stn (5 min). Sofa lounge near Senso-ji — a calm break mid-day.,☕,Tokyo,#B5651D,https://www.google.com/maps/place/Cafe%EF%BC%86Bar+Living+Room+%E6%B5%85%E8%8D%89/data=!4m2!3m1!1s0x60188f4ddf975045:0x6652e5d184a336c9
COFFEE&BEER HI-CONDITION Asakusa,"1-25-13 Asakusa, Taito, Tokyo",Cafe,"Asakusa Stn (3 min). Espresso AM, craft beer flips PM at 4 — same counter.",☕,Tokyo,#B5651D,https://www.google.com/maps/place/COFFEE%26BEER+HI-CONDITION+Asakusa/data=!4m2!3m1!1s0x60188fe4d8036cc5:0x252cef5fafcd2f0
GEISHA COFFEE ゲイシャコーヒー,"2-5-2 Asakusa, Taito, Tokyo",Cafe,Asakusa Stn (4 min). Geisha-bean specialist; ¥1500 cup is the splurge.,☕,Tokyo,#B5651D,https://www.google.com/maps/place/GEISHA+COFFEE+%E3%82%B2%E3%82%A4%E3%82%B7%E3%83%A3%E3%82%B3%E3%83%BC%E3%83%92%E3%83%BC/data=!4m2!3m1!1s0x60188fac1b8c5321:0xbb45a0166d7dc53b
KIELO COFFEE ASAKUSA,"1-15-3 Asakusa, Taito, Tokyo",Cafe,Asakusa Stn (3 min). Finnish-style — the rye-cinnamon bun pairs with Nordic roast.,☕,Tokyo,#B5651D,https://www.google.com/maps/place/KIELO+COFFEE+ASAKUSA/data=!4m2!3m1!1s0x60188fa4e5367f53:0xc317f8a781d6432f
ART CAFE T8 ASAKUSA ‐Japanese Cultural Art Experience‐,"2-7-13 Nishi-Asakusa, Taito, Tokyo",Cultural,Tawaramachi Stn (3 min). Kimono / calligraphy / tea workshops — book a 90-min slot online.,🎌,Tokyo,#C9A227,https://www.google.com/maps/place/ART+CAFE+T8+ASAKUSA+%E2%80%90Japanese+Cultural+Art+Experience%E2%80%90/data=!4m2!3m1!1s0x60188ff1ab7e9f81:0x3e76b64f84152546
pignic cafe Asakusa【mini pig cafe】,"1-29-2 Asakusa, Taito, Tokyo",Cafe,Asakusa Stn (3 min). 30-min slot ¥1500; reserve online same-day.,☕,Tokyo,#B5651D,https://www.google.com/maps/place/pignic+cafe+Asakusa%E3%80%90mini+pig+cafe%E3%80%91/data=!4m2!3m1!1s0x60188f0029d611b3:0x2b0f48b5a6960f4
Gyukatsu Motomura Shibuya Branch,"3-18-10 Shibuya, Shibuya, Tokyo (basement)",Dining,Shibuya Stn (5 min). Same lava-stone wagyu cutlet — Shibuya queue is faster than Shinbashi.,🍜,Tokyo,#E63946,https://www.google.com/maps/place/Gyukatsu+Motomura+Shibuya+Branch/data=!4m2!3m1!1s0x60188b597868619f:0x7c65d128da208a9c
Gyukatsu - motomura,"B1, 3-29-2 Shinjuku, Shinjuku, Tokyo",Dining,Shinjuku-sanchome Stn (2 min). Shinjuku branch; 30 min line at lunch.,🍜,Tokyo,#E63946,https://www.google.com/maps/place/Gyukatsu+-+motomura/data=!4m2!3m1!1s0x60188d7b80fadd73:0x8577998714f494d9
Yoshinoya Shibuya 109 Mae,"2-29-7 Dogenzaka, Shibuya, Tokyo",Dining,Shibuya Stn (1 min). 24-hr beef bowls; the niku-dakusu (extra meat) is the order.,🍜,Tokyo,#E63946,https://www.google.com/maps/place/Yoshinoya+Shibuya+109+Mae/data=!4m2!3m1!1s0x60188ca829b1439b:0xb03c4befeebfa34e
Yoshinoya Shinjuku Keio mall,"Keio Mall, 1-1-4 Nishi-Shinjuku, Tokyo",Dining,Shinjuku Stn (1 min). Underground mall location — fast escape between tasks.,🍜,Tokyo,#E63946,https://www.google.com/maps/place/Yoshinoya+Shinjuku+Keio+mall/data=!4m2!3m1!1s0x60188d01035d3a53:0xf063a26cdea3f439
Yoshinoya Yaechika Shop,"Yaechika 2-1, 2-1 Yaesu, Chuo, Tokyo",Dining,Tokyo Stn Yaesu side. Pre-Shinkansen ¥500 lunch.,🍜,Tokyo,#E63946,https://www.google.com/maps/place/Yoshinoya+Yaechika+Shop/data=!4m2!3m1!1s0x60188b835f0698c3:0x6e1691c004b41495
Yoshinoya,Tokyo (saved location),Dining,Pre-pinned generic Yoshinoya — confirm exact branch before going.,🍜,Tokyo,#E63946,https://www.google.com/maps/place/Yoshinoya/data=!4m2!3m1!1s0x60188e9eca60cbd9:0x46f98132be849619
Yoshinoya Asakusa,"1-2-3 Hanakawado, Taito, Tokyo",Dining,Asakusa Stn (1 min). Right by Senso-ji — easy breakfast gyudon.,🍜,Tokyo,#E63946,https://www.google.com/maps/place/Yoshinoya+Asakusa/data=!4m2!3m1!1s0x60188ec6af0c8eef:0x85cdc4634ec06e59
Omotesando Ukai Tei,"GYRE 5F, 5-10-1 Jingumae, Shibuya, Tokyo",Dining,"Omotesando Stn (3 min). Teppanyaki splurge — Brady-safe egg-free option exists, just call ahead.",🍜,Tokyo,#E63946,https://www.google.com/maps/place/Omotesando+Ukai+Tei/data=!4m2!3m1!1s0x60188ca3fa7bb73f:0x5a0c19ac3a13ab24
Shibuya Kappo Sancho,"B1, 1-12-7 Dogenzaka, Shibuya, Tokyo",Dining,Shibuya Stn (5 min). Hidden kappo counter — chef's choice ¥6800; reserve.,🍜,Tokyo,#E63946,https://www.google.com/maps/place/Shibuya+Kappo+Sancho/data=!4m2!3m1!1s0x60188caa74d70b77:0x515c82d9111fe583
Shabusen Ginza Ten,"Core Ginza B2/B3, 5-8-20 Ginza, Chuo, Tokyo",Dining,Ginza Stn (1 min). Counter shabu-shabu — pick kombu broth for Cody/JJ.,🍜,Tokyo,#E63946,https://www.google.com/maps/place/Shabusen+Ginza+Ten/data=!4m2!3m1!1s0x60188be65dfeb9b1:0xea0d4535363ebfbf
GINZA kappou ukai nikusho,"Ginza Six 6F, 6-10-1 Ginza, Chuo, Tokyo",Dining,Ginza Stn (3 min). Wagyu kappo inside Ginza Six; lunch is the value.,🍜,Tokyo,#E63946,https://www.google.com/maps/place/GINZA+kappou+ukai+nikusho/data=!4m2!3m1!1s0x60188be87b4d0f57:0x41fb9e73f4989107
Kuroge Wagyu Ichinoya Asakusa,"1-39-13 Asakusa, Taito, Tokyo",Dining,Asakusa Stn (3 min). Kuroge wagyu yakiniku set — order the misuji cut.,🍜,Tokyo,#E63946,https://www.google.com/maps/place/Kuroge+Wagyu+Ichinoya+Asakusa/data=!4m2!3m1!1s0x60188f048f799e7f:0xd3cf44241683f24b
Kukurihime Coffee Asakusa cafe,"2-7-13 Asakusa, Taito, Tokyo",Cafe,Asakusa Stn (5 min). Hand-drip + matcha tiramisu; quiet morning spot.,☕,Tokyo,#B5651D,https://www.google.com/maps/place/Kukurihime+Coffee+Asakusa+cafe/data=!4m2!3m1!1s0x60188fa15e85cae1:0x85acb057fab6e7b
Asakusa Gyukatsu,"1-15-1 Asakusa, Taito, Tokyo",Dining,"""Gyukatsu!!!"" — Asakusa Stn (3 min). User-flagged 'Gyukatsu!!!' — third Motomura branch, shortest line of the three.",🍜,Tokyo,#E63946,https://www.google.com/maps/place/Asakusa+Gyukatsu/data=!4m2!3m1!1s0x60188ec6df6c0001:0xd205e882474ee0a0
TORASUZU,"1-39-12 Asakusa, Taito, Tokyo",Dining,Asakusa Stn (4 min). Modern izakaya — pork tonpeiyaki + sake flight.,🍜,Tokyo,#E63946,https://www.google.com/maps/place/TORASUZU/data=!4m2!3m1!1s0x60188f42c05f4731:0x47979e243105b2c0
Kobe beef Daia,"Kaminarimon 1, Asakusa, Taito, Tokyo",Dining,Asakusa Stn (1 min). Kobe-beef teppanyaki at Kaminarimon — same name twice in your list (east branch below).,🍜,Tokyo,#E63946,https://www.google.com/maps/place/Kobe+beef+Daia/data=!4m2!3m1!1s0x60188ff7ab74f5f9:0x405669a00c04e43c
Kura,"2-2 Asakusa, Taito, Tokyo",Dining,"Asakusa Stn (3 min). Edo-style sushi-ya, 12 seats; reservation by phone only.",🍜,Tokyo,#E63946,https://www.google.com/maps/place/Kura/data=!4m2!3m1!1s0x60188ec0d7c0072f:0x1b8d326014a3b1e
LaVASARA CAFE&GRILL,"1-35-3 Asakusa, Taito, Tokyo",Dining,Asakusa Stn (4 min). Casual all-day brunch — a non-Japanese-food reset.,🍜,Tokyo,#E63946,https://www.google.com/maps/place/LaVASARA+CAFE%26GRILL/data=!4m2!3m1!1s0x60188ec146283731:0xd0e324f6b893b4be
ASAKUSA SUMO CLUB,"2-7-26 Nishi-Asakusa, Taito, Tokyo",Cultural,Tawaramachi Stn (3 min). Watch real sumo training + chanko lunch — book the 11am slot.,🎌,Tokyo,#C9A227,https://www.google.com/maps/place/ASAKUSA+SUMO+CLUB/data=!4m2!3m1!1s0x60188f006825a021:0x15fde3a1f54b9a8c
Hibiya Park,"1 Hibiya Park, Chiyoda, Tokyo",Sightseeing,Hibiya Stn (1 min). Western-style park next to Imperial Palace — rose garden peaks late May.,🏯,Tokyo,#1D4ED8,https://www.google.com/maps/place/Hibiya+Park/data=!4m2!3m1!1s0x60188bf23857acc7:0x709c7696a9fafab4
Ryogoku Kokugikan Sumo Arena,"1-3-28 Yokoami, Sumida, Tokyo",Cultural,Ryogoku Stn (1 min). May Basho ends mid-month; check Jun 3 18:00 booked Chanko Wanko dinner is right next door.,🎌,Tokyo,#C9A227,https://www.google.com/maps/place/Ryogoku+Kokugikan+Sumo+Arena/data=!4m2!3m1!1s0x6018893554b8eb19:0x70237cc76b1dfa74
Asahi Group Head Office Super Dry Hall,"1-23-1 Azumabashi, Sumida, Tokyo",Sightseeing,Asakusa Stn (5 min). 'Golden Flame' building — best photo from Azuma Bridge at dusk.,🏯,Tokyo,#1D4ED8,https://www.google.com/maps/place/Asahi+Group+Head+Office+Super+Dry+Hall/data=!4m2!3m1!1s0x60188ec597400001:0xed63aa75e03d5f0f
Samurai Ninja Museum Asakusa Tokyo,"2-21-13 Asakusa, Taito, Tokyo",Cultural,Asakusa Stn (5 min). 90-min ninja experience — book online for ¥1000 off.,🎌,Tokyo,#C9A227,https://www.google.com/maps/place/Samurai+Ninja+Museum+Asakusa+Tokyo/data=!4m2!3m1!1s0x600109820f1fa99b:0x775d0a52495beff1
Tempura Asakusa SAKURA,"1-9-2 Asakusa, Taito, Tokyo",Dining,Asakusa Stn (3 min). Lunch tendon ¥1500 — the conger eel set is the move.,🍜,Tokyo,#E63946,https://www.google.com/maps/place/Tempura+Asakusa+SAKURA/data=!4m2!3m1!1s0x60188f3bf8584559:0xb9ea49637a52a4d0
Ichiran Asakusa,"1-37-7 Asakusa, Taito, Tokyo",Dining,"Asakusa Stn (5 min). Tonkotsu — Cody/JJ NOT safe (pork bone), Brady ok if 'no half-egg'.",🍜,Tokyo,#E63946,https://www.google.com/maps/place/Ichiran+Asakusa/data=!4m2!3m1!1s0x60188ec6be01feef:0x9736b3e4d24be9de
Kan'non-dōri,"Asakusa, Taito, Tokyo",Sightseeing,Asakusa Stn (3 min). East-west street perpendicular to Nakamise — quieter local shops.,🏯,Tokyo,#1D4ED8,https://www.google.com/maps/place/Kan'non-d%C5%8Dri/data=!4m2!3m1!1s0x60188f4b2ba4ea3d:0x6773251bd712ea4f
KOBE BEEF DAIA TEPPAN-YAKI KAMINARIMON EAST BRANCH,"2-3-3 Kaminarimon, Taito, Tokyo",Dining,"Asakusa Stn (2 min). The east branch — newer, less crowded than the original.",🍜,Tokyo,#E63946,https://www.google.com/maps/place/KOBE+BEEF+DAIA+TEPPAN-YAKI+KAMINARIMON+EAST+BRANCH/data=!4m2!3m1!1s0x60188f55b4938c03:0xb17ac4a91d7fb858
Nakamise Shopping Street,"1-36-3 Asakusa, Taito, Tokyo",Shopping,Asakusa Stn (1 min). 250m of Edo souvenir stalls — go before 9am for empty street photos.,🛍️,Tokyo,#16A34A,https://www.google.com/maps/place/Nakamise+Shopping+Street/data=!4m2!3m1!1s0x60188ec130fbdd3d:0x5135221a7fa19dbc
Sensō-ji,"2-3-1 Asakusa, Taito, Tokyo",Sightseeing,Asakusa Stn (5 min). Tokyo's oldest temple; light-up nightly until 23:00. STAMP RALLY: get the goshuin at the temple office.,🏯,Tokyo,#1D4ED8,https://www.google.com/maps/place/Sens%C5%8D-ji/data=!4m2!3m1!1s0x60188ec1a4463df1:0x6c0d289a8292810d
Ueno Ameyoko Shopping Street,"4 Ueno, Taito, Tokyo",Shopping,Ueno Stn (1 min). Open-air market under JR tracks — bargain street food + cosmetics.,🛍️,Tokyo,#16A34A,https://www.google.com/maps/place/Ueno+Ameyoko+Shopping+Street/data=!4m2!3m1!1s0x60188f00af83b787:0x654b0a29a45fcf0a
Shinobazu Pond,"Ueno Park, Taito, Tokyo",Sightseeing,Ueno Stn (5 min). Lotus pond; rent a swan boat ¥700/30 min.,🏯,Tokyo,#1D4ED8,https://www.google.com/maps/place/Shinobazu+Pond/data=!4m2!3m1!1s0x60188c20944ac5a3:0x58638bc622e5b86a
Ueno Park,"5-20 Uenokoen, Taito, Tokyo",Sightseeing,"Ueno Stn (1 min). Park hub for 5 museums + zoo; sakura late, hydrangea early-June.",🏯,Tokyo,#1D4ED8,https://www.google.com/maps/place/Ueno+Park/data=!4m2!3m1!1s0x60188e9b45906ac3:0xb1cb3623124e645a
Tokyo National Museum,"13-9 Uenokoen, Taito, Tokyo",Sightseeing,Ueno Stn (10 min). Honkan main hall — National Treasure katana room.,🏯,Tokyo,#1D4ED8,https://www.google.com/maps/place/Tokyo+National+Museum/data=!4m2!3m1!1s0x60188e8314d77d11:0x232fd618bd4977dd
Akihabara Electric Town,"1 Sotokanda, Chiyoda, Tokyo",Shopping,Akihabara Stn (1 min). Super Potato (5F) for retro; Yodobashi Akiba for new electronics.,🛍️,Tokyo,#16A34A,https://www.google.com/maps/place/Akihabara+Electric+Town/data=!4m2!3m1!1s0x60188c1da0983467:0x6fc7ec7e7222177c
First Avenue Tokyo Station,"B1, 1-9-1 Marunouchi, Chiyoda, Tokyo",Shopping,Tokyo Stn (in-station). Character Street + Ramen Street + Okashi Land — all underground.,🛍️,Tokyo,#16A34A,https://www.google.com/maps/place/First+Avenue+Tokyo+Station/data=!4m2!3m1!1s0x60188bfc40f10f69:0x30bde288c0edfb04
Tokyo Station,"1-9-1 Marunouchi, Chiyoda, Tokyo",Transit,Tokyo Stn. Marunouchi side red-brick facade is the photo; depachika in Daimaru basement.,🚉,Tokyo,#6B7280,https://www.google.com/maps/place/Tokyo+Station/data=!4m2!3m1!1s0x60188bfbee1467bb:0x410f8b6e7e3ee34f
Imperial Palace,"1-1 Chiyoda, Chiyoda, Tokyo",Sightseeing,Otemachi Stn (5 min). Free 75-min inner tour 10am/1:30pm Tue-Sat — register online.,🏯,Tokyo,#1D4ED8,https://www.google.com/maps/place/Imperial+Palace/data=!4m2!3m1!1s0x60188c0d02d8064d:0xd11a5f0b379e6db7
Meiji Jingu Gaien Ginkgo Avenue,"2-1 Kasumigaokamachi, Shinjuku, Tokyo",Sightseeing,"Aoyama-itchome Stn (5 min). Off-season in spring (golden leaves are November), but a clean run/walk.",🏯,Tokyo,#1D4ED8,https://www.google.com/maps/place/Meiji+Jingu+Gaien+Ginkgo+Avenue/data=!4m2!3m1!1s0x60188c9afc587cfd:0xdfa0dacae2e42000
Godzilla Head,"Hotel Gracery 8F, 1-19-1 Kabukicho, Shinjuku, Tokyo",Sightseeing,Shinjuku Stn (5 min). Free view from 8F deck of Hotel Gracery; roars hourly 12-8pm.,🏯,Tokyo,#1D4ED8,https://www.google.com/maps/place/Godzilla+Head/data=!4m2!3m1!1s0x60188d74dcc81ccd:0x2d7e490be8560647
Tokyo Metropolitan Government Building North Observation Deck,"2-8-1 Nishi-Shinjuku, Tokyo",Sightseeing,Tochomae Stn (1 min). FREE 202m deck — go at sunset for Fuji silhouette on clear day.,🏯,Tokyo,#1D4ED8,https://www.google.com/maps/place/Tokyo+Metropolitan+Government+Building+North+Observation+Deck/data=!4m2!3m1!1s0x60188cd4c86bcb9d:0xe5b1c573920cfe2e
Takeshita Shopping Street,"1-17 Jingumae, Shibuya, Tokyo",Shopping,Harajuku Stn (1 min). Crepe row + thrift; weekday morning > Sunday.,🛍️,Tokyo,#16A34A,https://www.google.com/maps/place/Takeshita+Shopping+Street/data=!4m2!3m1!1s0x60188d0011fb9989:0xa2275d75aa4fc105
Meiji Jingu,"1-1 Yoyogikamizonocho, Shibuya, Tokyo",Sightseeing,Harajuku Stn (1 min). Forest shrine — first prayer of day at 5am-ish.,🏯,Tokyo,#1D4ED8,https://www.google.com/maps/place/Meiji+Jingu/data=!4m2!3m1!1s0x60188cb79a4c26e5:0x8fca893849103f73
Yoyogi Park,"2-1 Yoyogikamizonocho, Shibuya, Tokyo",Sightseeing,Harajuku Stn (3 min). Sunday rockabilly dancers near Harajuku gate.,🏯,Tokyo,#1D4ED8,https://www.google.com/maps/place/Yoyogi+Park/data=!4m2!3m1!1s0x60188cb479620a33:0x34bcc78ce7f8bf3e
Shibuya Sky,"Shibuya Scramble Square 45F, 2-24-12 Shibuya, Tokyo",Sightseeing,Shibuya Stn (1 min). Book online for ¥2200 sunset slot — sells out 2 weeks ahead.,🏯,Tokyo,#1D4ED8,https://www.google.com/maps/place/Shibuya+Sky/data=!4m2!3m1!1s0x60188b6825f61ae1:0x6ff47ee61e522473
Shibuya Crossing,"2 Dogenzaka, Shibuya, Tokyo",Sightseeing,Shibuya Stn Hachiko exit. Best overhead view: Mag's Park or Starbucks Tsutaya 2F.,🏯,Tokyo,#1D4ED8,https://www.google.com/maps/place/Shibuya+Crossing/data=!4m2!3m1!1s0x60188bcaeb0cd12b:0x20e563a2e0aec969
Mori Art Museum,"Roppongi Hills Mori Tower 53F, 6-10-1 Roppongi, Minato, Tokyo",Sightseeing,Roppongi Stn (3 min). Includes Tokyo City View — open till 22:00 Tue-Sun.,🏯,Tokyo,#1D4ED8,https://www.google.com/maps/place/Mori+Art+Museum/data=!4m2!3m1!1s0x60188b770f429483:0xff33d131dc8d6e9
Roppongi Hills - Tokyo City View,"Mori Tower 52F, 6-10-1 Roppongi, Minato, Tokyo",Sightseeing,Roppongi Stn (3 min). Combo ticket w/ Mori Art saves ¥500.,🏯,Tokyo,#1D4ED8,https://www.google.com/maps/place/Roppongi+Hills+-+Tokyo+City+View/data=!4m2!3m1!1s0x60188b770edd442b:0x667ab47030771257
Tokyo Tower,"4-2-8 Shibakoen, Minato, Tokyo",Sightseeing,Akabanebashi Stn (5 min). Original deck cheaper than Skytree; 7pm light-up = orange glow.,🏯,Tokyo,#1D4ED8,https://www.google.com/maps/place/Tokyo+Tower/data=!4m2!3m1!1s0x60188bbd9009ec09:0x481a93f0d2a409dd
GINZA SIX,"6-10-1 Ginza, Chuo, Tokyo",Shopping,Ginza Stn (3 min). Rooftop garden free; B2 depachika for omiyage.,🛍️,Tokyo,#16A34A,https://www.google.com/maps/place/GINZA+SIX/data=!4m2!3m1!1s0x60188bef472c0001:0xcfcb0363f18109fc
Kabuki-za,"4-12-15 Ginza, Chuo, Tokyo",Cultural,Higashi-Ginza Stn (1 min). Single-act tickets ¥1000-¥2500 sold day-of from side window.,🎌,Tokyo,#C9A227,https://www.google.com/maps/place/Kabuki-za/data=!4m2!3m1!1s0x60188be74819406d:0x1e8b565e11fc118
Lake Ashi,"Hakone-machi, Ashigarashimo, Kanagawa",Sightseeing,Hakone-Yumoto Stn + bus 40 min. Pirate-ship cruise + Hakone Shrine torii photo.,🏯,Hakone,#1D4ED8,https://www.google.com/maps/place/Lake+Ashi/data=!4m2!3m1!1s0x6019a3741ff081db:0x4b0bded72d89c01a
Tōgendai Observation Deck,"Hakone-machi, Kanagawa",Sightseeing,Togendai Stn (ropeway). Grab a sansho-mochi at the kiosk before the ropeway.,🏯,Hakone,#1D4ED8,https://www.google.com/maps/place/T%C5%8Dgendai+Observation+Deck/data=!4m2!3m1!1s0x60199f3598e03fd9:0xcdd2c3ae9472b90e
Sōunzan Station,"1300 Gora, Hakone, Kanagawa",Transit,Sounzan Stn. Switch from Hakone Tozan cable car to ropeway — 10-min connection.,🚉,Hakone,#6B7280,https://www.google.com/maps/place/S%C5%8Dunzan+Station/data=!4m2!3m1!1s0x60199f5391dfbfdf:0xd1609fe5c91f05ae
Gora Station,"1300 Gora, Hakone, Kanagawa",Transit,Gora Stn. Last stop on the switchback railway — onsen mochi shops at the exit.,🚉,Hakone,#6B7280,https://www.google.com/maps/place/Gora+Station/data=!4m2!3m1!1s0x6019a1f8e2cf7ce1:0xde5366adc0f07c4f
Spark,"1-7-15 Sonezaki, Kita, Osaka",Nightlife,"Higashi-Umeda Stn (3 min). Hidden listening bar, vinyl jazz; ¥1000 entry.",🌃,Osaka,#DB2777,https://www.google.com/maps/place/Spark/data=!4m2!3m1!1s0x60013989b562700b:0x4d8a1b2c1f51d0ca
Shinsekai,"Ebisuhigashi, Naniwa, Osaka",Sightseeing,Dobutsuen-mae Stn (1 min). Retro 1900s neighborhood + Tsutenkaku tower; kushikatsu street.,🏯,Osaka,#1D4ED8,https://www.google.com/maps/place/Shinsekai/data=!4m2!3m1!1s0x6000e7607657a257:0x36b1d7d86ab8d6fb
Tennoji Park,"5-55 Chausuyamacho, Tennoji, Osaka",Sightseeing,Tennoji Stn (3 min). Free park + paid Keitakuen garden ¥150.,🏯,Osaka,#1D4ED8,https://www.google.com/maps/place/Tennoji+Park/data=!4m2!3m1!1s0x6000ddf14727f4e7:0x9014f718527a4830
Magic Cafe & Bar Shinsekai,"Janjan Yokocho, Naniwa, Osaka",Nightlife,Dobutsuen-mae Stn (3 min). Close-up magic w/ ¥1500 cover; English-friendly.,🌃,Osaka,#DB2777,https://www.google.com/maps/place/Magic+Cafe+%26+Bar+Shinsekai/data=!4m2!3m1!1s0x6000ddb8f06a4c89:0x80efe76099af452a
Namba City,"5-1-60 Namba, Chuo, Osaka",Shopping,Namba Stn (1 min). 5-floor mall above Namba Stn; B2 depachika is excellent.,🛍️,Osaka,#16A34A,https://www.google.com/maps/place/Namba+City/data=!4m2!3m1!1s0x6000e7696859de15:0x645df8a533b0f531
Hirobun,"87 Kuramakibunecho, Sakyo, Kyoto",Dining,"Kibune-guchi Stn + bus. Kawadoko nagashi-somen May-Sep — arrive 9am for same-day numbered ticket. Brady ok, Cody/JJ ask kombu broth.",🍜,Kyoto,#E63946,https://www.google.com/maps/place/Hirobun/data=!4m2!3m1!1s0x6001a5e289c9c6a9:0xf4a59ade2fcabb8d
Arashiyama Monkey Park Iwatayama,"8 Arashiyama-Genrokuyamacho, Nishikyo, Kyoto",Sightseeing,Hankyu Arashiyama Stn (10 min walk). 20-min uphill hike — best Kyoto skyline view.,🏯,Kyoto,#1D4ED8,https://www.google.com/maps/place/Arashiyama+Monkey+Park+Iwatayama/data=!4m2!3m1!1s0x600100ab6efb49bd:0x1b3493b0430734b2
Hozugawa River Boat Ride (Hozugawa Kudari),"2 Shimonakajima, Kameoka, Kyoto",Cultural,"Kameoka Stn (10 min). BOOKED May 26 11:00 — 2hr boat to Arashiyama, then Itsuki Chaya 13:45.",🎌,Kyoto,#C9A227,https://www.google.com/maps/place/Hozugawa+River+Boat+Ride+(Hozugawa+Kudari)/data=!4m2!3m1!1s0x600054c4aef4efe5:0x33dcd3376bf7a157
MUSIC BAR universe -GION-,"B1, 277-22 Gionmachi-Minamigawa, Higashiyama, Kyoto",Nightlife,Gion-Shijo Stn (5 min). Geisha-district cocktail bar; ¥1500 cover.,🌃,Kyoto,#DB2777,https://www.google.com/maps/place/MUSIC+BAR+universe+-GION-/data=!4m2!3m1!1s0x600109d13f137989:0x5416b5f1c9f8a0bd
Pop,"Sanjo-Kawaramachi, Kyoto",Nightlife,Sanjo Stn (3 min). Tiny standing bar — locals only feel; check Google for hours.,🌃,Kyoto,#DB2777,https://www.google.com/maps/place/Pop/data=!4m2!3m1!1s0x60010f69f9b7259d:0x275ccb45d2e46a49
VINYL RECORD MUSIC BAR 『P.M.SOUNDS KYOTO』,"Kiyamachi-dori, Nakagyo, Kyoto",Nightlife,Sanjo Stn (3 min). Vinyl-only soul/funk; ¥1500 + 1 drink.,🌃,Kyoto,#DB2777,https://www.google.com/maps/place/VINYL+RECORD+MUSIC+BAR+%E3%80%8EP.M.SOUNDS+KYOTO%E3%80%8F/data=!4m2!3m1!1s0x600109badf96cbb5:0x3cc0caae5d139630
Jigokudani Yaen-Koen,"6845 Yamanouchi-machi, Shimotakai, Nagano",Sightseeing,"Yudanaka Stn + bus. Snow Monkeys — but May-Jun water is cool, fewer monkeys bathe; better as bookmark for next trip.",🏯,Nagano,#1D4ED8,https://www.google.com/maps/place/Jigokudani+Yaen-Koen/data=!4m2!3m1!1s0x601df3ec4ca220cf:0xf64d8b73ef8dd61f
Tōdai-ji,"406-1 Zoshicho, Nara",Sightseeing,Kintetsu-Nara Stn + bus 10 min. Great Buddha hall — squeeze through the 'Buddha's nostril' pillar for luck.,🏯,Nara,#1D4ED8,https://www.google.com/maps/place/T%C5%8Ddai-ji/data=!4m2!3m1!1s0x600139907a0876dd:0xf890ac3f9dd53c8f
Amanohashidate,"Monju, Miyazu, Kyoto",Sightseeing,Amanohashidate Stn. Day-trip from Kyoto (2.5hr); the matanozoki upside-down view is the gimmick.,🏯,Kyoto-North,#1D4ED8,https://www.google.com/maps/place/Amanohashidate/data=!4m2!3m1!1s0x5fff972dc7c1e297:0xba61cef3b2e46c81
Mount Kinugasa,"Kinugasayama, Kita, Kyoto",Sightseeing,Kinkakuji-mae bus stop. Hill behind Kinkaku-ji — quiet hike loop.,🏯,Kyoto,#1D4ED8,https://www.google.com/maps/place/Mount+Kinugasa/data=!4m2!3m1!1s0x6001a91fced4515b:0xf3e6f49c488f1524
Ryōan-ji,"13 Ryoanji Goryonoshitacho, Ukyo, Kyoto",Sightseeing,Bus 50 from Kyoto Stn. Famous 15-stone rock garden — go 8am to count all 15.,🏯,Kyoto,#1D4ED8,https://www.google.com/maps/place/Ry%C5%8Dan-ji/data=!4m2!3m1!1s0x6001a82a301cbaa7:0xe1ab173e46d78542
Nishiki Market,"Nishikikoji-dori, Nakagyo, Kyoto",Shopping,Karasuma Stn (5 min). Kyoto's kitchen — Aritsugu knives + Konnamonja yuba shop. STAMP RALLY: ask for the market passport.,🛍️,Kyoto,#16A34A,https://www.google.com/maps/place/Nishiki+Market/data=!4m2!3m1!1s0x6001089ccd8ccb4f:0xb69ea31001ec6c9c
Kiyomizu-dera,"1-294 Kiyomizu, Higashiyama, Kyoto",Sightseeing,Kiyomizu-Gojo Stn (15 min walk). Wooden stage temple; arrive by 7am to beat tour buses.,🏯,Kyoto,#1D4ED8,https://www.google.com/maps/place/Kiyomizu-dera/data=!4m2!3m1!1s0x600108d385dcfb07:0x62af658650c434ba
Hozukyo Observatory,"Sagakameokahonmichi, Ukyo, Kyoto",Sightseeing,Saga-Arashiyama Stn (5 min walk). Free deck above Hozugawa rapids — view your boat ride from above.,🏯,Kyoto,#1D4ED8,https://www.google.com/maps/place/Hozukyo+Observatory/data=!4m2!3m1!1s0x6001aa48e31d6c15:0xa078939d138390c1
Arashiyama,"Arashiyama, Ukyo, Kyoto",Sightseeing,Saga-Arashiyama Stn. The bamboo grove at 7am is the move — Togetsukyo bridge by 9am.,🏯,Kyoto,#1D4ED8,https://www.google.com/maps/place/Arashiyama/data=!4m2!3m1!1s0x6001075451efd3e3:0xabaad64f597b014c
Fushimi Inari Taisha,"68 Fukakusa Yabunouchicho, Fushimi, Kyoto",Sightseeing,"Inari Stn (1 min). 10,000 torii — climb to Yotsutsuji (30 min) then bail; whole loop is 2hr.",🏯,Kyoto,#1D4ED8,https://www.google.com/maps/place/Fushimi+Inari+Taisha/data=!4m2!3m1!1s0x60010f153d2e6d21:0x7b1aca1c753ae2e9
Kinkaku-ji,"1 Kinkakujicho, Kita, Kyoto",Sightseeing,"Bus 101 from Kyoto Stn. Golden Pavilion — opens 9am, expect crowds; pair with Ryoan-ji.",🏯,Kyoto,#1D4ED8,https://www.google.com/maps/place/Kinkaku-ji/data=!4m2!3m1!1s0x6001a820c0eb46bd:0xee4272b1c22645f
Osaka Castle,"1-1 Osakajo, Chuo, Osaka",Sightseeing,Tanimachi-yonchome Stn (10 min). Castle museum ¥600 — outer park free; sakura March-April.,🏯,Osaka,#1D4ED8,https://www.google.com/maps/place/Osaka+Castle/data=!4m2!3m1!1s0x6000e0cd5c283afd:0xf01d07d5ca11e41
American Village,"Nishi-Shinsaibashi, Chuo, Osaka",Shopping,Shinsaibashi Stn (5 min). Streetwear thrift mecca — Big Step mall is the anchor.,🛍️,Osaka,#16A34A,https://www.google.com/maps/place/American+Village/data=!4m2!3m1!1s0x6000e711ee4cf6ef:0x6ecfb23afa1519bc
Tonbori River Walk,"Dotonbori, Chuo, Osaka",Sightseeing,Namba Stn (3 min). Glico sign at night > day; takoyaki at Wanaka.,🏯,Osaka,#1D4ED8,https://www.google.com/maps/place/Tonbori+River+Walk/data=!4m2!3m1!1s0x6000e7148b0327f9:0xe0d44c6dfe050a8
Deer Park,"Kasugano-cho, Nara",Sightseeing,Kintetsu-Nara Stn (5 min). 1200 free-roaming deer — bow before they bow back; shika-senbei ¥200.,🏯,Nara,#1D4ED8,https://www.google.com/maps/place/Deer+Park/data=!4m2!3m1!1s0x60013994ba10e9c5:0x7653fbdfdd3b8e8e
Nintendo Museum,"56 Ogura-cho, Uji, Kyoto",Cultural,"Ogura Stn (5 min). Lottery ticket system — apply online 3 mo ahead; if no luck, gift shop is walk-in.",🎌,Kyoto,#C9A227,https://www.google.com/maps/place/Nintendo+Museum/data=!4m2!3m1!1s0x60011188b83087d3:0x646fdf4a68b62b4d
Ginkaku-ji,"2 Ginkakujicho, Sakyo, Kyoto",Sightseeing,Bus 5 from Kyoto Stn. Silver Pavilion + Philosopher's Path — combo with Nanzen-ji on the same Sakyo loop.,🏯,Kyoto,#1D4ED8,https://www.google.com/maps/place/Ginkaku-ji/data=!4m2!3m1!1s0x600109050b426fe1:0x258aca1ce888abc9
Kyoto Imperial Palace,"3 Kyotogyoen, Kamigyo, Kyoto",Sightseeing,"Imadegawa Stn (5 min). Free entry, ID required; 60-min self-guided loop.",🏯,Kyoto,#1D4ED8,https://www.google.com/maps/place/Kyoto+Imperial+Palace/data=!4m2!3m1!1s0x600109005c95e905:0x7c20baf3fce34686
Kyoto Gyoen National Garden,"3 Kyotogyoen, Kamigyo, Kyoto",Sightseeing,Imadegawa Stn (5 min). Park surrounding the palace — plum + cherry walk.,🏯,Kyoto,#1D4ED8,https://www.google.com/maps/place/Kyoto+Gyoen+National+Garden/data=!4m2!3m1!1s0x6001087b148e5f1d:0x1f8b7a1904610955
Nijō Castle,"541 Nijojocho, Nakagyo, Kyoto",Sightseeing,Nijojo-mae Stn (1 min). Nightingale-floor shogun residence; ¥1300 incl. Ninomaru.,🏯,Kyoto,#1D4ED8,https://www.google.com/maps/place/Nij%C5%8D+Castle/data=!4m2!3m1!1s0x600107d40a2b9b0b:0x106b8759906a2f2f
燕申堂,"Teramachi-dori, Nakagyo, Kyoto",Cafe,Karasuma-Oike Stn (5 min). Tucked tea-and-sweets house — yokan + matcha set ~¥1500.,☕,Kyoto,#B5651D,https://www.google.com/maps/place/%E7%87%95%E7%94%B3%E5%A0%82/data=!4m2!3m1!1s0x600109002c0b3f53:0x56a4ae1ffde9c374
Higashi Hongan-ji Temple,"Karasuma-dori Shichijo-agaru, Shimogyo, Kyoto",Sightseeing,"Kyoto Stn (5 min walk). Free entry — closest major temple to the station, wood-rope made of donated hair.",🏯,Kyoto,#1D4ED8,https://www.google.com/maps/place/Higashi+Hongan-ji+Temple/data=!4m2!3m1!1s0x600108a5b2ff6191:0x2def9c35f2f6c95a
Kawaramachi-dori St,"Kawaramachi-dori, Nakagyo, Kyoto",Shopping,Kawaramachi Stn. Main shopping artery — Loft + Tower Records + arcades.,🛍️,Kyoto,#16A34A,https://www.google.com/maps/place/Kawaramachi-dori+St/data=!4m2!3m1!1s0x60010895e68acd71:0x75ec60b80ce8416a
Samurai Kembu Theater,"35 Higashinotoincho, Higashiyama, Kyoto",Cultural,Sanjo Stn (5 min). 90-min sword-dance performance + try-it experience.,🎌,Kyoto,#C9A227,https://www.google.com/maps/place/Samurai+Kembu+Theater/data=!4m2!3m1!1s0x60010cf870730c5d:0x469276a5ce5dc5d8
Kamo River Noryo-Yuka,"Pontocho Riverside, Nakagyo, Kyoto",Dining,Sanjo Stn (3 min). May-Sep riverside dining decks — book a Pontocho restaurant w/ yuka platform.,🍜,Kyoto,#E63946,https://www.google.com/maps/place/Kamo+River+Noryo-Yuka/data=!4m2!3m1!1s0x600108f2aa152a85:0xe33c214dbc9e9c41
The Flower Corridor,"Kawabata-dori, Higashiyama, Kyoto",Sightseeing,Gion-Shijo Stn (3 min). Gion's flower-name street — geiko commute corridor at dusk.,🏯,Kyoto,#1D4ED8,https://www.google.com/maps/place/The+Flower+Corridor/data=!4m2!3m1!1s0x600108eca2dfb7ed:0xd410b3020d287b97
Shirakawa Canal,"Gion Shirakawa, Higashiyama, Kyoto",Sightseeing,"Sanjo Keihan Stn (5 min). Willow-lined stream — most photogenic Kyoto block, 7am best.",🏯,Kyoto,#1D4ED8,https://www.google.com/maps/place/Shirakawa+Canal/data=!4m2!3m1!1s0x600109dc68b3c787:0x973caa294d46a998
Yasaka Pagoda Photo Spot,"Yasaka-dori, Higashiyama, Kyoto",Sightseeing,Higashiyama Stn (10 min). The iconic uphill pagoda shot — earlier than 6am for empty street.,🏯,Kyoto,#1D4ED8,https://www.google.com/maps/place/Yasaka+Pagoda+Photo+Spot/data=!4m2!3m1!1s0x600109000b25d3bf:0x5c488516b40e6f7d
Ninenzaka,"Masuyacho, Higashiyama, Kyoto",Sightseeing,Higashiyama Stn (10 min). Stone steps to Kiyomizu — Starbucks tatami branch is here.,🏯,Kyoto,#1D4ED8,https://www.google.com/maps/place/Ninenzaka/data=!4m2!3m1!1s0x600108d018ab0c97:0xe6ae59775061be35
花見小路（南側）,"Hanamikoji South, Higashiyama, Kyoto",Sightseeing,Gion-Shijo Stn (3 min). South Hanamikoji — quieter than the north geisha street.,🏯,Kyoto,#1D4ED8,https://www.google.com/maps/place/%E8%8A%B1%E8%A6%8B%E5%B0%8F%E8%B7%AF%EF%BC%88%E5%8D%97%E5%81%B4%EF%BC%89/data=!4m2!3m1!1s0x60010900525b5f2d:0xb602f38ae095b4f8
Hanamikoji Street,"Hanamikoji-dori, Higashiyama, Kyoto",Sightseeing,Gion-Shijo Stn (3 min). Geiko spotting at dusk — DO NOT photograph maiko (¥10k fine).,🏯,Kyoto,#1D4ED8,https://www.google.com/maps/place/Hanamikoji+Street/data=!4m2!3m1!1s0x600109002a9ff16b:0x4dd27bbca3351b74
Chionin Temple,"400 Rinkacho, Higashiyama, Kyoto",Sightseeing,Higashiyama Stn (5 min). Japan's largest wooden gate (Sanmon); free outer grounds.,🏯,Kyoto,#1D4ED8,https://www.google.com/maps/place/Chionin+Temple/data=!4m2!3m1!1s0x600108dc414283b9:0x609373abd0eaf97c
Nanzen-ji,"Nanzenji Fukuchicho, Sakyo, Kyoto",Sightseeing,Keage Stn (5 min). Aqueduct + zen garden combo; chain it with Philosopher's Path to Ginkaku-ji.,🏯,Kyoto,#1D4ED8,https://www.google.com/maps/place/Nanzen-ji/data=!4m2!3m1!1s0x600109217397fbfd:0x38b339a4c7e7004d
Himeji Castle,"68 Honmachi, Himeji, Hyogo",Sightseeing,Himeji Stn (15 min walk). White Heron Castle — buy combo Castle+Kokoen ¥1050; arrive 9am.,🏯,Himeji,#1D4ED8,https://www.google.com/maps/place/Himeji+Castle/data=!4m2!3m1!1s0x3554e003a23324b3:0x7a4f8c2f6eba81b1
Hiroshima National Peace Memorial Hall for the Atomic Bomb Victims,"1-6 Nakajimacho, Naka, Hiroshima",Sightseeing,Genbaku-Dome Mae tram (3 min). Free; quiet underground memorial — pair with Peace Museum.,🏯,Hiroshima,#1D4ED8,https://www.google.com/maps/place/Hiroshima+National+Peace+Memorial+Hall+for+the+Atomic+Bomb+Victims/data=!4m2!3m1!1s0x355aa20d45357859:0xdb8a027ea4994e41
Atomic Bomb Dome,"1-10 Otemachi, Naka, Hiroshima",Sightseeing,Genbaku-Dome Mae tram (1 min). Free outdoor view 24/7; sunset light is the photo.,🏯,Hiroshima,#1D4ED8,https://www.google.com/maps/place/Atomic+Bomb+Dome/data=!4m2!3m1!1s0x355aa20cdb2780a9:0x34e6677ae0c6c096
Hiroshima Castle,"21-1 Motomachi, Naka, Hiroshima",Sightseeing,"Kamiyacho-nishi tram (10 min walk). Reconstructed castle — keep ¥370 inside, gardens free.",🏯,Hiroshima,#1D4ED8,https://www.google.com/maps/place/Hiroshima+Castle/data=!4m2!3m1!1s0x355a98a6eaf7e7c3:0xf57be92cb5339632
Itsukushima Jinja,"1-1 Miyajimacho, Hatsukaichi, Hiroshima",Sightseeing,"Miyajima ferry from Miyajima-guchi (10 min). Floating torii — check tide chart, high tide AM is the shot.",🏯,Miyajima,#1D4ED8,https://www.google.com/maps/place/Itsukushima+Jinja/data=!4m2!3m1!1s0x601ae3047ec76d8f:0x357228f7d0b5d590
Tomiaimachi Minamitanoshiri,"Tomiaimachi Minamitanoshiri, Minami-ku, Kumamoto",Cultural,"""Sachiko's neighborhood"" — User pinned: 'Sachiko's neighborhood' — drive-by visit on the Kumamoto leg.",🎌,Kumamoto,#C9A227,https://www.google.com/maps/place/Tomiaimachi+Minamitanoshiri/data=!4m2!3m1!1s0x35408bcab8f953cb:0x92c6b8f30319e301
Solaria Nishitetsu Hotel Kagoshima,"1-3 Yamanokuchicho, Kagoshima 892-0844",Hotel,Tenmonkan-dori tram (1 min). Booked. Top-floor onsen w/ Sakurajima view.,🏨,Kagoshima,#7C3AED,https://www.google.com/maps/place/Solaria+Nishitetsu+Hotel+Kagoshima/data=!4m2!3m1!1s0x353f0ee10e51723d:0x18bd25ea1a14320d
CANDEO HOTELS Kumamoto Shinshigai,"1-2-1 Shimotorimachi, Chuo, Kumamoto",Hotel,Tsuruyahyakkaten-mae tram (3 min). Booked. Sky spa on roof — open till midnight.,🏨,Kumamoto,#7C3AED,https://www.google.com/maps/place/CANDEO+HOTELS+Kumamoto+Shinshigai/data=!4m2!3m1!1s0x3540f51904228b41:0x81eb1a22aa3bc8fe
THE KNOT HIROSHIMA,"7-13 Mikawacho, Naka, Hiroshima",Hotel,Hatchobori tram (5 min). Booked. Walk to Peace Park in 15 min.,🏨,Hiroshima,#7C3AED,https://www.google.com/maps/place/THE+KNOT+HIROSHIMA/data=!4m2!3m1!1s0x355aa21307545537:0x3577cd31df89ecf7
Hotel Resol Kyoto Shijo Muromachi,"Shijo Muromachi, Shimogyo, Kyoto",Hotel,Karasuma Stn (3 min). Booked. Right between Nishiki Market + Karasuma subway.,🏨,Kyoto,#7C3AED,https://www.google.com/maps/place/Hotel+Resol+Kyoto+Shijo+Muromachi/data=!4m2!3m1!1s0x600108993ee95da3:0xac7e58fea99c02f4
nol hakone myojindai,"1320-862 Gora, Hakone, Kanagawa",Hotel,Gora Stn + 5 min taxi. Booked. Designer ryokan w/ private onsen rooms; kaiseki is a Brady-egg-free request.,🏨,Hakone,#7C3AED,https://www.google.com/maps/place/nol+hakone+myojindai/data=!4m2!3m1!1s0x6019a136a62db4dd:0x422f96db97a4acb3
THE GATE HOTEL Kaminarimon by HULIC,"2-16-11 Kaminarimon, Taito, Tokyo",Hotel,Asakusa Stn (1 min). Booked. Rooftop bar overlooks Senso-ji.,🏨,Tokyo,#7C3AED,https://www.google.com/maps/place/THE+GATE+HOTEL+Kaminarimon+by+HULIC/data=!4m2!3m1!1s0x60188ec73a51fbf3:0x7737c65c2fed1b14
Kissaten Niki Niki,"1-2 Higashisengokucho, Kagoshima 892-0842",Cafe,"Tenmonkan-dori tram (3 min). 1970s kissaten — siphon coffee + thick cream-soda; opens 8am, perfect pre-Sakurajima warmup. (Hidden gem · Kissaten)",☕,Kagoshima,#B5651D,
Andersen Hiroshima Depachika,"7-1 Hondori, Naka, Hiroshima 730-0035",Shopping,"Hondori tram (2 min). Hiroshima's depachika-style bakery hall — momiji-manju at Nishiki-do, oysters fresh upstairs. (Hidden gem · Depachika)",🛍️,Hiroshima,#16A34A,
Smart Coffee,"537 Tenshocho, Nakagyo, Kyoto 604-8017",Cafe,"Sanjo Stn (3 min). 1932 kissaten — order the hotcake, served on real china; cash only, no laptops. (Hidden gem · Kissaten)",☕,Kyoto,#B5651D,
Hakone Open-Air Museum Stamp Walk,"1121 Ninotaira, Hakone, Kanagawa 250-0407",Cultural,Chokoku-no-Mori Stn (1 min). Pick up the Hakone Free Pass stamp book and collect 7 station stamps along the loop. (Hidden gem · Stamp Rally),🎌,Hakone,#C9A227,
Isetan Shinjuku Depachika,"3-14-1 Shinjuku, Shinjuku, Tokyo 160-0022",Shopping,"Shinjuku-sanchome Stn (1 min). Tokyo's reigning depachika — hit Toraya yokan, Nadaman bento, Pierre Hermé before 7pm half-off. (Hidden gem · Depachika)",🛍️,Tokyo,#16A34A,
